{"ood_train/loss": 0.003927088342607021, "ood_train/epoch": 4, "ood_train/lr": 0.0375, "ood_train/weigth_decay": 0.0001, "_timestamp": 1678281037, "_runtime": 92820, "_step": 73363, "ood_train/loss_avg": 0.015573751440120727, "ood_eval/loss": 0.004782958421856165, "ood_eval/epoch": 4, "ood_eval/loss_avg": 0.006481500502675772, "train/loss": -0.8484476208686829, "train/lr": 0.0350659454000536, "train/weight_decay": 0.0001, "train/epoch": 164.1104797979798, "train/cos_sim_old_new_cv_z1": 0.005438205320388079, "train/cos_sim_old_new_cv_z2": 0.005058765411376953, "train/cos_sim_old_new_cv_p1": 0.15659739077091217, "train/cos_sim_old_new_cv_p2": 0.14807453751564026, "train/var_z1": 0.7739537954330444, "train/var_z2": 0.7816230654716492, "train/var_p1": 0.00013049598783254623, "train/var_p2": 0.00013178843073546886, "train/norm_cv_z1": 9.06379227672005e-06, "train/norm_cv_z2": 8.568437806388829e-06, "train/norm_cv_p1": 0.02806699089705944, "train/norm_cv_p2": 0.028480462729930878, "knn_evaluation/accuracy": 48.86, "knn_evaluation/epoch": 163}