{"ood_train/loss": 0.03384573012590408, "ood_train/epoch": 0, "ood_train/lr": 0.0375, "ood_train/weigth_decay": 0.0001, "_timestamp": 1678278622, "_runtime": 42657, "_step": 70322, "ood_train/loss_avg": 0.28650684636831286, "ood_eval/loss": 0.01860635168850422, "ood_eval/epoch": 0, "ood_eval/loss_avg": 0.03231424294412136, "train/loss": -0.8904851675033569, "train/lr": 0.03467513250493718, "train/weight_decay": 0.0001, "train/epoch": 177.06502525252526, "train/cos_sim_old_new_cv_z1": 0.0005315087619237602, "train/cos_sim_old_new_cv_z2": 0.0005602462915703654, "train/cos_sim_old_new_cv_p1": 0.9104719161987305, "train/cos_sim_old_new_cv_p2": 0.9450808167457581, "train/var_z1": 0.9656220078468323, "train/var_z2": 0.9646831750869751, "train/var_p1": 0.0001580398966325447, "train/var_p2": 0.00015783609705977142, "train/norm_cv_z1": 2.8205517992319074e-06, "train/norm_cv_z2": 3.011264425367699e-06, "train/norm_cv_p1": 0.06517327576875687, "train/norm_cv_p2": 0.06522957235574722, "knn_evaluation/accuracy": 75.42, "knn_evaluation/epoch": 176}