{"ood_train/loss": 0.04817328602075577, "ood_train/epoch": 0, "ood_train/lr": 0.0009375, "ood_train/weigth_decay": 0.0001, "_timestamp": 1678120457, "_runtime": 71, "_step": 1366, "ood_train/loss_avg": 0.36536977414786814, "ood_eval/loss": 0.014707716181874275, "ood_eval/epoch": 0, "ood_eval/loss_avg": 0.03578054005205631, "train/loss": -0.010390764102339745, "train/lr": 0.0009375, "train/weight_decay": 0.0001, "train/epoch": 0.007261476289701333, "train/cos_sim_old_new_cv_z1": 5.656124812958296e-06, "train/cos_sim_old_new_cv_z2": 9.771142686076928e-06, "train/cos_sim_old_new_cv_p1": 0.9932674765586853, "train/cos_sim_old_new_cv_p2": 0.9940922260284424, "train/var_z1": 1.1998143196105957, "train/var_z2": 1.1998125314712524, "train/var_p1": 0.13134272396564484, "train/var_p2": 0.1313474178314209, "train/norm_cv_z1": 3.0169910587574122e-06, "train/norm_cv_z2": 2.968361968669342e-06, "train/norm_cv_p1": 10.64392375946045, "train/norm_cv_p2": 10.719817161560059, "_wandb": {"runtime": 73}}