{"ood_train/loss": 0.03542564436793327, "ood_train/epoch": 0, "ood_train/lr": 0.0009375, "ood_train/weigth_decay": 0.0001, "_timestamp": 1678106354, "_runtime": 462, "_step": 16463, "ood_train/loss_avg": 0.04751899633415314, "ood_eval/loss": 0.007559625897556543, "ood_eval/epoch": 0, "ood_eval/loss_avg": 0.019691287419945, "_wandb": {"runtime": 464}}