{"ood_train/loss": 0.03384573012590408, "ood_train/epoch": 0, "ood_train/lr": 0.0375, "ood_train/weigth_decay": 0.0001, "_timestamp": 1678278622, "_runtime": 42656, "_step": 70322, "ood_train/loss_avg": 0.28650684636831286, "ood_eval/loss": 0.01860635168850422, "ood_eval/epoch": 0, "ood_eval/loss_avg": 0.03231424294412136, "train/loss": -0.8881101608276367, "train/lr": 0.03467513250493718, "train/weight_decay": 0.0001, "train/epoch": 177.06502525252526, "train/cos_sim_old_new_cv_z1": 2.477224734320771e-05, "train/cos_sim_old_new_cv_z2": 4.745440310216509e-05, "train/cos_sim_old_new_cv_p1": 0.9413232207298279, "train/cos_sim_old_new_cv_p2": 0.9476161599159241, "train/var_z1": 0.9708094596862793, "train/var_z2": 0.9699673056602478, "train/var_p1": 0.00016899296315386891, "train/var_p2": 0.00016548273561056703, "train/norm_cv_z1": 5.362340743886307e-06, "train/norm_cv_z2": 5.736571893066866e-06, "train/norm_cv_p1": 0.06851112097501755, "train/norm_cv_p2": 0.0657225027680397, "knn_evaluation/accuracy": 74.6, "knn_evaluation/epoch": 176}