{"ood_train/loss": -0.9969230890274048, "ood_train/epoch": 0.1877880911788849, "ood_train/lr": 0.0009375, "ood_train/weigth_decay": 0.0001, "_timestamp": 1678099638, "_runtime": 248, "_step": 2973, "_wandb": {"runtime": 250}}