{"ood_train/loss": 0.04817328602075577, "ood_train/epoch": 0, "ood_train/lr": 0.0009375, "ood_train/weigth_decay": 0.0001, "_timestamp": 1678120110, "_runtime": 53, "_step": 1255, "ood_train/loss_avg": 0.36536977414786814, "ood_eval/loss": 0.014707716181874275, "ood_eval/epoch": 0, "ood_eval/loss_avg": 0.03578054005205631, "train/loss": -0.009785271249711514, "train/lr": 0.0009375, "train/weight_decay": 0.0001, "train/epoch": 0.00025257308833743765, "train/cos_sim_old_new_cv_z1": 3.7887766666244715e-05, "train/cos_sim_old_new_cv_z2": 0.00012775302457157522, "train/cos_sim_old_new_cv_p1": 0.996147632598877, "train/cos_sim_old_new_cv_p2": 0.9958261847496033, "train/var_z1": 1.4989211559295654, "train/var_z2": 1.4989349842071533, "train/var_p1": 0.1441439688205719, "train/var_p2": 0.14562946557998657, "train/norm_cv_z1": 5.553560640692012e-06, "train/norm_cv_z2": 7.1239055614569224e-06, "train/norm_cv_p1": 11.52273178100586, "train/norm_cv_p2": 11.47676944732666, "_wandb": {"runtime": 56}}