{"ood_train/loss": 0.03620283678174019, "ood_train/epoch": 0, "ood_train/lr": 0.0009375, "ood_train/weigth_decay": 0.0001, "_timestamp": 1678107192, "_runtime": 475, "_step": 16572, "ood_train/loss_avg": 0.047482389871673455, "ood_eval/loss": 0.0076143271289765835, "ood_eval/epoch": 0, "ood_eval/loss_avg": 0.019590509827435015, "train/loss": -0.016466235741972923, "train/lr": 0.0009375, "train/weight_decay": 0.0001, "train/epoch": 0.006882616657195176, "train/cos_sim_old_new_cv_z1": -1.0036155799753033e-05, "train/cos_sim_old_new_cv_z2": 1.3110346117173322e-05, "train/cos_sim_old_new_cv_p1": 0.9927091598510742, "train/cos_sim_old_new_cv_p2": 0.9933679699897766, "train/var_z1": 1.1427087783813477, "train/var_z2": 1.142707109451294, "train/var_p1": 0.12950555980205536, "train/var_p2": 0.1278759390115738, "train/norm_cv_z1": 1.6895185126486467e-06, "train/norm_cv_z2": 1.56967928433005e-06, "train/norm_cv_p1": 10.437386512756348, "train/norm_cv_p2": 10.3955659866333, "_wandb": {"runtime": 478}}