{"ood_train/loss": 0.04025853052735329, "ood_train/epoch": 0, "ood_train/lr": 0.0009375, "ood_train/weigth_decay": 0.0001, "_timestamp": 1678109379, "_runtime": 603, "_step": 17371, "ood_train/loss_avg": 0.04735374808757124, "ood_eval/loss": 0.007647333201020956, "ood_eval/epoch": 0, "ood_eval/loss_avg": 0.018636559757590293, "train/loss": -0.3868744969367981, "train/lr": 0.0009375, "train/weight_decay": 0.0001, "train/epoch": 0.057334091052598346, "train/cos_sim_old_new_cv_z1": 6.3324346228910144e-06, "train/cos_sim_old_new_cv_z2": 6.517009296658216e-06, "train/cos_sim_old_new_cv_p1": 0.9946970343589783, "train/cos_sim_old_new_cv_p2": 0.9937433004379272, "train/var_z1": 1.1427435874938965, "train/var_z2": 1.1427483558654785, "train/var_p1": 0.13920958340168, "train/var_p2": 0.14327079057693481, "train/norm_cv_z1": 1.5118766896193847e-06, "train/norm_cv_z2": 1.5769613810334704e-06, "train/norm_cv_p1": 10.816207885742188, "train/norm_cv_p2": 10.575773239135742, "_wandb": {"runtime": 605}}