{"ood_train/loss": 0.031847018748521805, "ood_train/epoch": 0, "ood_train/lr": 0.0375, "ood_train/weigth_decay": 0.0001, "_timestamp": 1678122280, "_runtime": 836, "_step": 1315, "ood_train/loss_avg": 0.2863104765117168, "ood_eval/loss": 0.02117469534277916, "ood_eval/epoch": 0, "ood_eval/loss_avg": 0.03633320406079292, "train/loss": -0.5863889455795288, "train/lr": 0.037499629891052565, "train/weight_decay": 0.0001, "train/epoch": 2.249368686868687, "train/cos_sim_old_new_cv_z1": 0.00010333688260288909, "train/cos_sim_old_new_cv_z2": 0.00011745087249437347, "train/cos_sim_old_new_cv_p1": 0.978839635848999, "train/cos_sim_old_new_cv_p2": 0.9854631423950195, "train/var_z1": 1.0356625318527222, "train/var_z2": 1.0356647968292236, "train/var_p1": 0.22751420736312866, "train/var_p2": 0.2188630998134613, "train/norm_cv_z1": 1.6831127140903845e-06, "train/norm_cv_z2": 1.6232545476668747e-06, "train/norm_cv_p1": 4.220588207244873, "train/norm_cv_p2": 4.443085670471191, "knn_evaluation/accuracy": 43.2, "knn_evaluation/epoch": 2}