{"ood_train/loss": 0.003927088342607021, "ood_train/epoch": 4, "ood_train/lr": 0.0375, "ood_train/weigth_decay": 0.0001, "_timestamp": 1678281039, "_runtime": 92822, "_step": 73366, "ood_train/loss_avg": 0.015573751440120727, "ood_eval/loss": 0.004782958421856165, "ood_eval/epoch": 4, "ood_eval/loss_avg": 0.006481500502675772, "train/loss": -0.8419253826141357, "train/lr": 0.0350659454000536, "train/weight_decay": 0.0001, "train/epoch": 164.11237373737373, "train/cos_sim_old_new_cv_z1": 0.003971088211983442, "train/cos_sim_old_new_cv_z2": 0.004063750617206097, "train/cos_sim_old_new_cv_p1": 0.16350539028644562, "train/cos_sim_old_new_cv_p2": 0.19068925082683563, "train/var_z1": 0.7660290002822876, "train/var_z2": 0.7656022310256958, "train/var_p1": 0.00012990165851078928, "train/var_p2": 0.00013024259533267468, "train/norm_cv_z1": 8.745550985622685e-06, "train/norm_cv_z2": 8.698487363290042e-06, "train/norm_cv_p1": 0.024729987606406212, "train/norm_cv_p2": 0.024899069219827652, "knn_evaluation/accuracy": 48.78, "knn_evaluation/epoch": 163}