{"ood_train/loss": 0.031847018748521805, "ood_train/epoch": 0, "ood_train/lr": 0.0375, "ood_train/weigth_decay": 0.0001, "_timestamp": 1678122280, "_runtime": 836, "_step": 1315, "ood_train/loss_avg": 0.2863104016780853, "ood_eval/loss": 0.02117469534277916, "ood_eval/epoch": 0, "ood_eval/loss_avg": 0.03633318281173706, "train/loss": -0.5909227132797241, "train/lr": 0.037499629891052565, "train/weight_decay": 0.0001, "train/epoch": 2.249368686868687, "train/cos_sim_old_new_cv_z1": -2.105455678247381e-06, "train/cos_sim_old_new_cv_z2": -3.6554311009240337e-06, "train/cos_sim_old_new_cv_p1": 0.975839376449585, "train/cos_sim_old_new_cv_p2": 0.987010657787323, "train/var_z1": 1.0322070121765137, "train/var_z2": 1.0322067737579346, "train/var_p1": 0.2179638147354126, "train/var_p2": 0.23531147837638855, "train/norm_cv_z1": 1.180611889139982e-06, "train/norm_cv_z2": 1.3661993989444454e-06, "train/norm_cv_p1": 4.059496879577637, "train/norm_cv_p2": 4.422841548919678, "knn_evaluation/accuracy": 43.0, "knn_evaluation/epoch": 2}