{"ood_train/loss": 0.003927088342607021, "ood_train/epoch": 4, "ood_train/lr": 0.0375, "ood_train/weigth_decay": 0.0001, "_timestamp": 1678281033, "_runtime": 92816, "_step": 73359, "ood_train/loss_avg": 0.015573756563648275, "ood_eval/loss": 0.004782968666404486, "ood_eval/epoch": 4, "ood_eval/loss_avg": 0.006481515046209097, "train/loss": -0.8412289619445801, "train/lr": 0.0350659454000536, "train/weight_decay": 0.0001, "train/epoch": 164.10795454545453, "train/cos_sim_old_new_cv_z1": 0.004748204723000526, "train/cos_sim_old_new_cv_z2": 0.004695740994066, "train/cos_sim_old_new_cv_p1": 0.5397506356239319, "train/cos_sim_old_new_cv_p2": 0.5365152359008789, "train/var_z1": 0.756447970867157, "train/var_z2": 0.7523584365844727, "train/var_p1": 0.00012774497736245394, "train/var_p2": 0.00012671257718466222, "train/norm_cv_z1": 9.531703653919976e-06, "train/norm_cv_z2": 9.202731234836392e-06, "train/norm_cv_p1": 0.02696857415139675, "train/norm_cv_p2": 0.026856329292058945, "knn_evaluation/accuracy": 49.02, "knn_evaluation/epoch": 163}