{"ood_train/loss": 0.031847018748521805, "ood_train/epoch": 0, "ood_train/lr": 0.0375, "ood_train/weigth_decay": 0.0001, "_timestamp": 1678122280, "_runtime": 836, "_step": 1315, "ood_train/loss_avg": 0.2863104016780853, "ood_eval/loss": 0.02117469534277916, "ood_eval/epoch": 0, "ood_eval/loss_avg": 0.03633318281173706, "train/loss": -0.5672335028648376, "train/lr": 0.037499629891052565, "train/weight_decay": 0.0001, "train/epoch": 2.249368686868687, "train/cos_sim_old_new_cv_z1": 0.00018437155813444406, "train/cos_sim_old_new_cv_z2": 0.00017995572125073522, "train/cos_sim_old_new_cv_p1": 0.9826409220695496, "train/cos_sim_old_new_cv_p2": 0.9912050366401672, "train/var_z1": 1.0434248447418213, "train/var_z2": 1.0434285402297974, "train/var_p1": 0.23731082677841187, "train/var_p2": 0.22518348693847656, "train/norm_cv_z1": 2.3081465769791976e-06, "train/norm_cv_z2": 2.047021553153172e-06, "train/norm_cv_p1": 4.5964884757995605, "train/norm_cv_p2": 4.36571741104126, "knn_evaluation/accuracy": 43.519999999999996, "knn_evaluation/epoch": 2}