{"ood_train/loss": 0.03384573012590408, "ood_train/epoch": 0, "ood_train/lr": 0.0375, "ood_train/weigth_decay": 0.0001, "_timestamp": 1678278622, "_runtime": 42657, "_step": 70322, "ood_train/loss_avg": 0.28650684636831286, "ood_eval/loss": 0.01860635168850422, "ood_eval/epoch": 0, "ood_eval/loss_avg": 0.03231424294412136, "train/loss": -0.8802089691162109, "train/lr": 0.03467513250493718, "train/weight_decay": 0.0001, "train/epoch": 177.06502525252526, "train/cos_sim_old_new_cv_z1": -0.00033193337731063366, "train/cos_sim_old_new_cv_z2": -0.00017795671010389924, "train/cos_sim_old_new_cv_p1": 0.9459837079048157, "train/cos_sim_old_new_cv_p2": 0.9450092911720276, "train/var_z1": 0.9724401831626892, "train/var_z2": 0.9739160537719727, "train/var_p1": 0.00016296925605274737, "train/var_p2": 0.00015814401558600366, "train/norm_cv_z1": 3.7443055589392316e-06, "train/norm_cv_z2": 3.796292730839923e-06, "train/norm_cv_p1": 0.06465210020542145, "train/norm_cv_p2": 0.06636663526296616, "knn_evaluation/accuracy": 74.86, "knn_evaluation/epoch": 176}