{"ood_train/loss": 0.031847018748521805, "ood_train/epoch": 0, "ood_train/lr": 0.0375, "ood_train/weigth_decay": 0.0001, "_timestamp": 1678122280, "_runtime": 836, "_step": 1315, "ood_train/loss_avg": 0.2863104016780853, "ood_eval/loss": 0.02117469534277916, "ood_eval/epoch": 0, "ood_eval/loss_avg": 0.03633318281173706, "train/loss": -0.6504751443862915, "train/lr": 0.037499629891052565, "train/weight_decay": 0.0001, "train/epoch": 2.249368686868687, "train/cos_sim_old_new_cv_z1": 0.0004219157563056797, "train/cos_sim_old_new_cv_z2": 0.0004714667156804353, "train/cos_sim_old_new_cv_p1": 0.9900315999984741, "train/cos_sim_old_new_cv_p2": 0.992026150226593, "train/var_z1": 1.0285203456878662, "train/var_z2": 1.0285228490829468, "train/var_p1": 0.20566946268081665, "train/var_p2": 0.21988490223884583, "train/norm_cv_z1": 2.036644673353294e-06, "train/norm_cv_z2": 2.154135927412426e-06, "train/norm_cv_p1": 4.125319480895996, "train/norm_cv_p2": 4.090077877044678, "knn_evaluation/accuracy": 42.68, "knn_evaluation/epoch": 2}