{"ood_train/loss": 0.03384573012590408, "ood_train/epoch": 0, "ood_train/lr": 0.0375, "ood_train/weigth_decay": 0.0001, "_timestamp": 1678278622, "_runtime": 42656, "_step": 70322, "ood_train/loss_avg": 0.28650682160258295, "ood_eval/loss": 0.01860635168850422, "ood_eval/epoch": 0, "ood_eval/loss_avg": 0.03231423856317997, "train/loss": -0.8633277416229248, "train/lr": 0.03467513250493718, "train/weight_decay": 0.0001, "train/epoch": 177.06502525252526, "train/cos_sim_old_new_cv_z1": 0.0017769425176084042, "train/cos_sim_old_new_cv_z2": 0.001954435370862484, "train/cos_sim_old_new_cv_p1": 0.9361415505409241, "train/cos_sim_old_new_cv_p2": 0.9230537414550781, "train/var_z1": 0.9722815752029419, "train/var_z2": 0.9673895835876465, "train/var_p1": 0.0001570642925798893, "train/var_p2": 0.00016245401639025658, "train/norm_cv_z1": 5.651361334457761e-06, "train/norm_cv_z2": 5.551567483053077e-06, "train/norm_cv_p1": 0.07231120765209198, "train/norm_cv_p2": 0.07334338873624802, "knn_evaluation/accuracy": 75.08, "knn_evaluation/epoch": 176}