{"ood_train/loss": 0.003927088342607021, "ood_train/epoch": 4, "ood_train/lr": 0.0375, "ood_train/weigth_decay": 0.0001, "_timestamp": 1678281042, "_runtime": 92825, "_step": 73369, "ood_train/loss_avg": 0.015573751440120727, "ood_eval/loss": 0.004782958421856165, "ood_eval/epoch": 4, "ood_eval/loss_avg": 0.006481500502675772, "train/loss": -0.8516057729721069, "train/lr": 0.0350659454000536, "train/weight_decay": 0.0001, "train/epoch": 164.11426767676767, "train/cos_sim_old_new_cv_z1": 0.004602440167218447, "train/cos_sim_old_new_cv_z2": 0.004953737836331129, "train/cos_sim_old_new_cv_p1": 0.6025110483169556, "train/cos_sim_old_new_cv_p2": 0.609047532081604, "train/var_z1": 0.8097591400146484, "train/var_z2": 0.8107881546020508, "train/var_p1": 0.0001315163535764441, "train/var_p2": 0.00012929856893606484, "train/norm_cv_z1": 8.250652172137052e-06, "train/norm_cv_z2": 8.306476047437172e-06, "train/norm_cv_p1": 0.03350115939974785, "train/norm_cv_p2": 0.033800773322582245, "knn_evaluation/accuracy": 49.16, "knn_evaluation/epoch": 163}