{"train/loss": -0.0, "train/lr": 0.0009375, "train/weight_decay": 0.0001, "train/epoch": 0.0017680116183620635, "train/cos_sim_old_new_cv_z1": 5.5323803280771244e-06, "train/cos_sim_old_new_cv_z2": -3.188768687323318e-06, "train/cos_sim_old_new_cv_p1": 0.9931366443634033, "train/cos_sim_old_new_cv_p2": 0.993030309677124, "train/var_z1": 1.1426987648010254, "train/var_z2": 1.142712116241455, "train/var_p1": 0.1255129873752594, "train/var_p2": 0.12211446464061737, "train/norm_cv_z1": 1.7095848079407006e-06, "train/norm_cv_z2": 1.6838173451105831e-06, "train/norm_cv_p1": 10.491551399230957, "train/norm_cv_p2": 10.587041854858398, "_timestamp": 1678108680, "_runtime": 17, "_step": 27, "_wandb": {"runtime": 20}}